id,username,email,phone_number,password,first_name,last_name,birth_date,avatar_url,address,created_date,updated_date,deleted_date
1,dev,dev@app.local,,,Dev,Developer,,,,2024-02-27,,
2,dev0,Tracy47@yahoo.com,0334543678,123456aA@,Tracy,Braun,2017-03-14,https://loremflickr.com/640/480/cats?lock=72704,"santa monica, california, usa",2024-02-27,,
3,dev1,Nigel11@gmail.com,0334543678,123456aA@,Nigel,Romaguera,2017-03-14,https://loremflickr.com/640/480/cats?lock=51706,"santa monica, california, usa",2024-02-27,,
4,dev2,Giovani_Kertzmann1@yahoo.com,0334543678,123456aA@,Giovani,Kertzmann,2017-03-14,https://loremflickr.com/640/480/cats?lock=61548,"santa monica, california, usa",2024-02-27,,
5,dev3,Charlotte_Blick64@gmail.com,0334543678,123456aA@,Charlotte,Blick,2017-03-14,https://loremflickr.com/640/480/cats?lock=67541,"santa monica, california, usa",2024-02-27,,
6,dev4,Adonis_Labadie65@gmail.com,0334543678,123456aA@,Adonis,Labadie,2017-03-14,https://loremflickr.com/640/480/cats?lock=23601,"santa monica, california, usa",2024-02-27,,
7,dev5,Toby.Emmerich@hotmail.com,0334543678,123456aA@,Toby,Emmerich,2017-03-14,https://loremflickr.com/640/480/cats?lock=4462,"santa monica, california, usa",2024-02-27,,
8,dev6,Adolph_Runolfsson@hotmail.com,0334543678,123456aA@,Adolph,Runolfsson,2017-03-14,https://loremflickr.com/640/480/cats?lock=72736,"santa monica, california, usa",2024-02-27,,
9,dev7,Leda_Bauch43@yahoo.com,0334543678,123456aA@,Leda,Bauch,2017-03-14,https://loremflickr.com/640/480/cats?lock=73742,"santa monica, california, usa",2024-02-27,,
10,dev8,Lilian.Weber10@gmail.com,0334543678,123456aA@,Lilian,Weber,2017-03-14,https://loremflickr.com/640/480/cats?lock=39704,"santa monica, california, usa",2024-02-27,,
11,dev9,Loyce39@yahoo.com,0334543678,123456aA@,Loyce,Wiza,2017-03-14,https://loremflickr.com/640/480/cats?lock=9074,"santa monica, california, usa",2024-02-27,,
12,dev10,Edmond.OConner@yahoo.com,0334543678,123456aA@,Edmond,O'Conner,2017-03-14,https://loremflickr.com/640/480/cats?lock=74665,"santa monica, california, usa",2024-02-27,,
13,dev11,Mekhi_Becker30@yahoo.com,0334543678,123456aA@,Mekhi,Becker,2017-03-14,https://loremflickr.com/640/480/cats?lock=46429,"santa monica, california, usa",2024-02-27,,
14,dev12,Annamarie29@yahoo.com,0334543678,123456aA@,Annamarie,Mante,2017-03-14,https://loremflickr.com/640/480/cats?lock=80942,"santa monica, california, usa",2024-02-27,,
15,dev13,Catherine51@hotmail.com,0334543678,123456aA@,Catherine,Goodwin,2017-03-14,https://loremflickr.com/640/480/cats?lock=47009,"santa monica, california, usa",2024-02-27,,
16,dev14,Elmira.Beier@gmail.com,0334543678,123456aA@,Elmira,Beier,2017-03-14,https://loremflickr.com/640/480/cats?lock=27353,"santa monica, california, usa",2024-02-27,,
17,dev15,Maegan_Osinski@yahoo.com,0334543678,123456aA@,Maegan,Osinski,2017-03-14,https://loremflickr.com/640/480/cats?lock=68941,"santa monica, california, usa",2024-02-27,,
18,dev16,Connie_Runolfsson@yahoo.com,0334543678,123456aA@,Connie,Runolfsson,2017-03-14,https://loremflickr.com/640/480/cats?lock=25770,"santa monica, california, usa",2024-02-27,,
19,dev17,Kathryne_Witting@yahoo.com,0334543678,123456aA@,Kathryne,Witting,2017-03-14,https://loremflickr.com/640/480/cats?lock=99461,"santa monica, california, usa",2024-02-27,,
20,dev18,Adolfo_Mann@yahoo.com,0334543678,123456aA@,Adolfo,Mann,2017-03-14,https://loremflickr.com/640/480/cats?lock=5993,"santa monica, california, usa",2024-02-27,,
21,dev19,Francis.Johnston16@hotmail.com,0334543678,123456aA@,Francis,Johnston,2017-03-14,https://loremflickr.com/640/480/cats?lock=73436,"santa monica, california, usa",2024-02-27,,
22,dev20,Schuyler_Harvey@gmail.com,0334543678,123456aA@,Schuyler,Harvey,2017-03-14,https://loremflickr.com/640/480/cats?lock=74918,"santa monica, california, usa",2024-02-27,,
23,dev21,Jon.Ebert30@hotmail.com,0334543678,123456aA@,Jon,Ebert,2017-03-14,https://loremflickr.com/640/480/cats?lock=75208,"santa monica, california, usa",2024-02-27,,
24,dev22,Mark27@gmail.com,0334543678,123456aA@,Mark,Vandervort,2017-03-14,https://loremflickr.com/640/480/cats?lock=84467,"santa monica, california, usa",2024-02-27,,
25,dev23,Zane.Schiller74@yahoo.com,0334543678,123456aA@,Zane,Schiller,2017-03-14,https://loremflickr.com/640/480/cats?lock=55218,"santa monica, california, usa",2024-02-27,,
26,dev24,Margaretta49@hotmail.com,0334543678,123456aA@,Margaretta,Schaden,2017-03-14,https://loremflickr.com/640/480/cats?lock=5632,"santa monica, california, usa",2024-02-27,,
27,dev25,Leopoldo16@gmail.com,0334543678,123456aA@,Leopoldo,Boehm,2017-03-14,https://loremflickr.com/640/480/cats?lock=20211,"santa monica, california, usa",2024-02-27,,
28,dev26,Joe76@gmail.com,0334543678,123456aA@,Joe,Rogahn,2017-03-14,https://loremflickr.com/640/480/cats?lock=34387,"santa monica, california, usa",2024-02-27,,
29,dev27,Isidro_Renner54@gmail.com,0334543678,123456aA@,Isidro,Renner,2017-03-14,https://loremflickr.com/640/480/cats?lock=98813,"santa monica, california, usa",2024-02-27,,
30,dev28,Daryl95@yahoo.com,0334543678,123456aA@,Daryl,Cronin,2017-03-14,https://loremflickr.com/640/480/cats?lock=22864,"santa monica, california, usa",2024-02-27,,
31,dev29,Eloise.Terry@gmail.com,0334543678,123456aA@,Eloise,Terry,2017-03-14,https://loremflickr.com/640/480/cats?lock=98186,"santa monica, california, usa",2024-02-27,,
32,dev30,Jake82@hotmail.com,0334543678,123456aA@,Jake,Schoen,2017-03-14,https://loremflickr.com/640/480/cats?lock=3409,"santa monica, california, usa",2024-02-27,,
33,dev31,Christophe.Mohr7@gmail.com,0334543678,123456aA@,Christophe,Mohr,2017-03-14,https://loremflickr.com/640/480/cats?lock=62011,"santa monica, california, usa",2024-02-27,,
34,dev32,Shanny_Leffler49@gmail.com,0334543678,123456aA@,Shanny,Leffler,2017-03-14,https://loremflickr.com/640/480/cats?lock=1778,"santa monica, california, usa",2024-02-27,,
35,dev33,Kaitlin_Dicki@hotmail.com,0334543678,123456aA@,Kaitlin,Dicki,2017-03-14,https://loremflickr.com/640/480/cats?lock=48251,"santa monica, california, usa",2024-02-27,,
36,dev34,Marion_Braun35@yahoo.com,0334543678,123456aA@,Marion,Braun,2017-03-14,https://loremflickr.com/640/480/cats?lock=79933,"santa monica, california, usa",2024-02-27,,
37,dev35,Jefferey11@hotmail.com,0334543678,123456aA@,Jefferey,Kertzmann,2017-03-14,https://loremflickr.com/640/480/cats?lock=15991,"santa monica, california, usa",2024-02-27,,
38,dev36,Hilton_Langosh5@yahoo.com,0334543678,123456aA@,Hilton,Langosh,2017-03-14,https://loremflickr.com/640/480/cats?lock=30601,"santa monica, california, usa",2024-02-27,,
39,dev37,Dejah_Kihn5@hotmail.com,0334543678,123456aA@,Dejah,Kihn,2017-03-14,https://loremflickr.com/640/480/cats?lock=62618,"santa monica, california, usa",2024-02-27,,
40,dev38,Kyler_Miller@hotmail.com,0334543678,123456aA@,Kyler,Miller,2017-03-14,https://loremflickr.com/640/480/cats?lock=37851,"santa monica, california, usa",2024-02-27,,
41,dev39,David.Hills@hotmail.com,0334543678,123456aA@,David,Hills,2017-03-14,https://loremflickr.com/640/480/cats?lock=20731,"santa monica, california, usa",2024-02-27,,
42,dev40,Omer.Harvey@gmail.com,0334543678,123456aA@,Omer,Harvey,2017-03-14,https://loremflickr.com/640/480/cats?lock=90234,"santa monica, california, usa",2024-02-27,,
43,dev41,Destiny19@yahoo.com,0334543678,123456aA@,Destiny,Baumbach,2017-03-14,https://loremflickr.com/640/480/cats?lock=5243,"santa monica, california, usa",2024-02-27,,
44,dev42,Marilie30@gmail.com,0334543678,123456aA@,Marilie,Pagac,2017-03-14,https://loremflickr.com/640/480/cats?lock=64244,"santa monica, california, usa",2024-02-27,,
45,dev43,Brenna_Skiles70@hotmail.com,0334543678,123456aA@,Brenna,Skiles,2017-03-14,https://loremflickr.com/640/480/cats?lock=31915,"santa monica, california, usa",2024-02-27,,
46,dev44,Marilyne_Leannon92@hotmail.com,0334543678,123456aA@,Marilyne,Leannon,2017-03-14,https://loremflickr.com/640/480/cats?lock=75049,"santa monica, california, usa",2024-02-27,,
47,dev45,Jamaal0@gmail.com,0334543678,123456aA@,Jamaal,Bartoletti,2017-03-14,https://loremflickr.com/640/480/cats?lock=82696,"santa monica, california, usa",2024-02-27,,
48,dev46,Odessa_Towne@hotmail.com,0334543678,123456aA@,Odessa,Towne,2017-03-14,https://loremflickr.com/640/480/cats?lock=47465,"santa monica, california, usa",2024-02-27,,
49,dev47,Lora.Yost2@gmail.com,0334543678,123456aA@,Lora,Yost,2017-03-14,https://loremflickr.com/640/480/cats?lock=41943,"santa monica, california, usa",2024-02-27,,
50,dev48,Domenick.Boyle@yahoo.com,0334543678,123456aA@,Domenick,Boyle,2017-03-14,https://loremflickr.com/640/480/cats?lock=71328,"santa monica, california, usa",2024-02-27,,
51,dev49,Larissa.Dibbert@gmail.com,0334543678,123456aA@,Larissa,Dibbert,2017-03-14,https://loremflickr.com/640/480/cats?lock=45796,"santa monica, california, usa",2024-02-27,,
52,dev50,Filomena67@hotmail.com,0334543678,123456aA@,Filomena,Deckow,2017-03-14,https://loremflickr.com/640/480/cats?lock=61276,"santa monica, california, usa",2024-02-27,,
53,dev51,Cruz.Auer35@gmail.com,0334543678,123456aA@,Cruz,Auer,2017-03-14,https://loremflickr.com/640/480/cats?lock=66437,"santa monica, california, usa",2024-02-27,,
54,dev52,Alejandra.Stanton@gmail.com,0334543678,123456aA@,Alejandra,Stanton,2017-03-14,https://loremflickr.com/640/480/cats?lock=32035,"santa monica, california, usa",2024-02-27,,
55,dev53,Damian_Brakus83@gmail.com,0334543678,123456aA@,Damian,Brakus,2017-03-14,https://loremflickr.com/640/480/cats?lock=68652,"santa monica, california, usa",2024-02-27,,
56,dev54,Marlon.McGlynn@gmail.com,0334543678,123456aA@,Marlon,McGlynn,2017-03-14,https://loremflickr.com/640/480/cats?lock=92985,"santa monica, california, usa",2024-02-27,,
57,dev55,Myrl47@gmail.com,0334543678,123456aA@,Myrl,Bogan,2017-03-14,https://loremflickr.com/640/480/cats?lock=74687,"santa monica, california, usa",2024-02-27,,
58,dev56,Keara16@hotmail.com,0334543678,123456aA@,Keara,Rogahn,2017-03-14,https://loremflickr.com/640/480/cats?lock=42869,"santa monica, california, usa",2024-02-27,,
59,dev57,Francisco55@yahoo.com,0334543678,123456aA@,Francisco,Jast,2017-03-14,https://loremflickr.com/640/480/cats?lock=53009,"santa monica, california, usa",2024-02-27,,
60,dev58,Alana.Shanahan@hotmail.com,0334543678,123456aA@,Alana,Shanahan,2017-03-14,https://loremflickr.com/640/480/cats?lock=98805,"santa monica, california, usa",2024-02-27,,
61,dev59,Melody.Flatley66@yahoo.com,0334543678,123456aA@,Melody,Flatley,2017-03-14,https://loremflickr.com/640/480/cats?lock=96424,"santa monica, california, usa",2024-02-27,,
62,dev60,Roger.Beier@hotmail.com,0334543678,123456aA@,Roger,Beier,2017-03-14,https://loremflickr.com/640/480/cats?lock=64160,"santa monica, california, usa",2024-02-27,,
63,dev61,Chaim_Sipes@hotmail.com,0334543678,123456aA@,Chaim,Sipes,2017-03-14,https://loremflickr.com/640/480/cats?lock=31183,"santa monica, california, usa",2024-02-27,,
64,dev62,Zaria_Grady36@hotmail.com,0334543678,123456aA@,Zaria,Grady,2017-03-14,https://loremflickr.com/640/480/cats?lock=4164,"santa monica, california, usa",2024-02-27,,
65,dev63,Dayna28@gmail.com,0334543678,123456aA@,Dayna,Bartoletti,2017-03-14,https://loremflickr.com/640/480/cats?lock=45691,"santa monica, california, usa",2024-02-27,,
66,dev64,Devonte51@hotmail.com,0334543678,123456aA@,Devonte,Heller,2017-03-14,https://loremflickr.com/640/480/cats?lock=61446,"santa monica, california, usa",2024-02-27,,
67,dev65,Jayme27@hotmail.com,0334543678,123456aA@,Jayme,Ledner,2017-03-14,https://loremflickr.com/640/480/cats?lock=86008,"santa monica, california, usa",2024-02-27,,
68,dev66,Wilfrid86@yahoo.com,0334543678,123456aA@,Wilfrid,Welch,2017-03-14,https://loremflickr.com/640/480/cats?lock=88407,"santa monica, california, usa",2024-02-27,,
69,dev67,Juvenal.Daugherty@hotmail.com,0334543678,123456aA@,Juvenal,Daugherty,2017-03-14,https://loremflickr.com/640/480/cats?lock=51585,"santa monica, california, usa",2024-02-27,,
70,dev68,Rosa.Ruecker6@yahoo.com,0334543678,123456aA@,Rosa,Ruecker,2017-03-14,https://loremflickr.com/640/480/cats?lock=57982,"santa monica, california, usa",2024-02-27,,
71,dev69,Vicky25@yahoo.com,0334543678,123456aA@,Vicky,Corwin,2017-03-14,https://loremflickr.com/640/480/cats?lock=92555,"santa monica, california, usa",2024-02-27,,
72,dev70,Hazle86@hotmail.com,0334543678,123456aA@,Hazle,Hudson,2017-03-14,https://loremflickr.com/640/480/cats?lock=36228,"santa monica, california, usa",2024-02-27,,
73,dev71,Corene60@gmail.com,0334543678,123456aA@,Corene,Cummings,2017-03-14,https://loremflickr.com/640/480/cats?lock=81638,"santa monica, california, usa",2024-02-27,,
74,dev72,Isac.Bergnaum@gmail.com,0334543678,123456aA@,Isac,Bergnaum,2017-03-14,https://loremflickr.com/640/480/cats?lock=30743,"santa monica, california, usa",2024-02-27,,
75,dev73,Earnest_Schuster@hotmail.com,0334543678,123456aA@,Earnest,Schuster,2017-03-14,https://loremflickr.com/640/480/cats?lock=11210,"santa monica, california, usa",2024-02-27,,
76,dev74,Willie_Zboncak@hotmail.com,0334543678,123456aA@,Willie,Zboncak,2017-03-14,https://loremflickr.com/640/480/cats?lock=91784,"santa monica, california, usa",2024-02-27,,
77,dev75,Blanche.Kohler48@hotmail.com,0334543678,123456aA@,Blanche,Kohler,2017-03-14,https://loremflickr.com/640/480/cats?lock=36897,"santa monica, california, usa",2024-02-27,,
78,dev76,Rosalee_Zulauf@gmail.com,0334543678,123456aA@,Rosalee,Zulauf,2017-03-14,https://loremflickr.com/640/480/cats?lock=88046,"santa monica, california, usa",2024-02-27,,
79,dev77,Nina92@yahoo.com,0334543678,123456aA@,Nina,Osinski,2017-03-14,https://loremflickr.com/640/480/cats?lock=56184,"santa monica, california, usa",2024-02-27,,
80,dev78,Izabella.McCullough44@yahoo.com,0334543678,123456aA@,Izabella,McCullough,2017-03-14,https://loremflickr.com/640/480/cats?lock=81963,"santa monica, california, usa",2024-02-27,,
81,dev79,Flo43@yahoo.com,0334543678,123456aA@,Flo,Auer,2017-03-14,https://loremflickr.com/640/480/cats?lock=86340,"santa monica, california, usa",2024-02-27,,
82,dev80,Tatum95@yahoo.com,0334543678,123456aA@,Tatum,Hartmann,2017-03-14,https://loremflickr.com/640/480/cats?lock=24973,"santa monica, california, usa",2024-02-27,,
83,dev81,Vesta.Rolfson@gmail.com,0334543678,123456aA@,Vesta,Rolfson,2017-03-14,https://loremflickr.com/640/480/cats?lock=12132,"santa monica, california, usa",2024-02-27,,
84,dev82,Kavon88@hotmail.com,0334543678,123456aA@,Kavon,Carter,2017-03-14,https://loremflickr.com/640/480/cats?lock=89981,"santa monica, california, usa",2024-02-27,,
85,dev83,Giovanna.Halvorson46@hotmail.com,0334543678,123456aA@,Giovanna,Halvorson,2017-03-14,https://loremflickr.com/640/480/cats?lock=59365,"santa monica, california, usa",2024-02-27,,
86,dev84,Estell.Dach@hotmail.com,0334543678,123456aA@,Estell,Dach,2017-03-14,https://loremflickr.com/640/480/cats?lock=21791,"santa monica, california, usa",2024-02-27,,
87,dev85,Wilfredo.Walter39@hotmail.com,0334543678,123456aA@,Wilfredo,Walter,2017-03-14,https://loremflickr.com/640/480/cats?lock=15342,"santa monica, california, usa",2024-02-27,,
88,dev86,Chester.Cronin79@hotmail.com,0334543678,123456aA@,Chester,Cronin,2017-03-14,https://loremflickr.com/640/480/cats?lock=8778,"santa monica, california, usa",2024-02-27,,
89,dev87,Ubaldo.Kozey@yahoo.com,0334543678,123456aA@,Ubaldo,Kozey,2017-03-14,https://loremflickr.com/640/480/cats?lock=11039,"santa monica, california, usa",2024-02-27,,
90,dev88,Dustin8@hotmail.com,0334543678,123456aA@,Dustin,Schoen,2017-03-14,https://loremflickr.com/640/480/cats?lock=77492,"santa monica, california, usa",2024-02-27,,
91,dev89,Garfield_Hirthe52@hotmail.com,0334543678,123456aA@,Garfield,Hirthe,2017-03-14,https://loremflickr.com/640/480/cats?lock=81392,"santa monica, california, usa",2024-02-27,,
92,dev90,Ryder.McDermott45@gmail.com,0334543678,123456aA@,Ryder,McDermott,2017-03-14,https://loremflickr.com/640/480/cats?lock=70929,"santa monica, california, usa",2024-02-27,,
93,dev91,Lelah_Crooks@yahoo.com,0334543678,123456aA@,Lelah,Crooks,2017-03-14,https://loremflickr.com/640/480/cats?lock=69426,"santa monica, california, usa",2024-02-27,,
94,dev92,Terry88@gmail.com,0334543678,123456aA@,Terry,Metz,2017-03-14,https://loremflickr.com/640/480/cats?lock=25853,"santa monica, california, usa",2024-02-27,,
95,dev93,Liza19@gmail.com,0334543678,123456aA@,Liza,Schoen,2017-03-14,https://loremflickr.com/640/480/cats?lock=65789,"santa monica, california, usa",2024-02-27,,
96,dev94,Ernestine7@yahoo.com,0334543678,123456aA@,Ernestine,Sauer,2017-03-14,https://loremflickr.com/640/480/cats?lock=7473,"santa monica, california, usa",2024-02-27,,
97,dev95,Crystel.Thompson75@yahoo.com,0334543678,123456aA@,Crystel,Thompson,2017-03-14,https://loremflickr.com/640/480/cats?lock=58834,"santa monica, california, usa",2024-02-27,,
98,dev96,Marcella74@gmail.com,0334543678,123456aA@,Marcella,Rau,2017-03-14,https://loremflickr.com/640/480/cats?lock=94089,"santa monica, california, usa",2024-02-27,,
99,dev97,Dahlia5@hotmail.com,0334543678,123456aA@,Dahlia,McDermott,2017-03-14,https://loremflickr.com/640/480/cats?lock=15796,"santa monica, california, usa",2024-02-27,,
100,dev98,Christ_Jacobson36@yahoo.com,0334543678,123456aA@,Christ,Jacobson,2017-03-14,https://loremflickr.com/640/480/cats?lock=20383,"santa monica, california, usa",2024-02-27,,
101,dev99,Kristoffer_Braun49@hotmail.com,0334543678,123456aA@,Kristoffer,Braun,2017-03-14,https://loremflickr.com/640/480/cats?lock=95137,"santa monica, california, usa",2024-02-27,,
